{"cameraMode":{"drawMode":0,"name":"Shaded","section":"Shading Mode"},"sceneLighting":true,"audioPlay":false,"sceneViewState":{"showFog":true,"showMaterialUpdate":false,"showSkybox":true,"showFlares":true,"showImageEffects":true,"showParticleSystems":true},"in2DMode":false,"pivot":{"x":-7.317800998687744,"y":0.7373527884483337,"z":1.7118535041809083},"rotation":{"x":0.04408438503742218,"y":0.5885104537010193,"z":0.032175932079553607,"w":-0.8066806197166443},"size":0.28437745571136477,"orthographic":false}