{"cameraMode":{"drawMode":0,"name":"Shaded","section":"Shading Mode"},"sceneLighting":true,"audioPlay":false,"sceneViewState":{"showFog":true,"showMaterialUpdate":false,"showSkybox":true,"showFlares":true,"showImageEffects":true,"showParticleSystems":true},"in2DMode":false,"pivot":{"x":-7.373464107513428,"y":0.7388356924057007,"z":2.1287753582000734},"rotation":{"x":0.1062670424580574,"y":-0.4571378231048584,"z":0.055121369659900668,"w":0.8813044428825378},"size":1.2410244941711426,"orthographic":false}